Name,Account_ID,Image,Match
Alex,1111111,"data:image/png;base64,iVBORw0KGgoAAAANSUhEUgAAAOEAAADhCAMAAAAJbSJIAAAAclBMVEX///8AAAD+/v7c3Nyurq7n5+dOTk6amprh4eH5+fnKysrq6upTU1OMjIxlZWVGRkaAgICTk5PU1NQICAj19fUuLi44ODi8vLyJiYnAwMA+Pj40NDTY2Nizs7NDQ0NwcHAdHR0mJiZcXFx5eXlsbGyZmZlQi/2qAAAFNUlEQVR4nO2d61bbOhBGZQUbhJOWYEMSoBRKef9XrGSHm+1wzoRP0tT99uqfLlge74zuEpExhBBCCCGEEEIIIYQQQsh/YmcY6UNUj7NJYrtEcYakjGrbdLHeglqzuyrS8LPOU07vEvl5HttQK5IbniYTbIqrOoOhTWjYFDftzHNYFDd1csHe8PYkOhe943VrUvcaneEyehhrVn0er2qvGD3ce05D2KWNj3nu6+J16l4xSQ69n/+3DoK+oNY+ownT2BlWCQLaUFCbJmSxdtbFD/hCQsO+LnadhpmpofMFtW9R4Z2G7UfYUx4pS6mfxuyzeIUewIVyXy+mKLepDAPeahWS2BSP4AGcf9jm4ZOhRipD99Zp+LqINWwPCRaJc+heOg30AK78dMiYytDzVheva+gATo2hees0sAO48rXO5TZ0L51Gg+00esPd2ZC0banp1766LIYWFanYGy7GP0jWH75j32k0obmxqAGcKsOXuthl0aENh3OaLDnc18WQxSU6hyOVPKXUS/ZZLIoSFFuVYcBbbru2vQQ9UJ2h7+wXfQ5BD1Rn6NuAu3kb+jeZeQ5pKEZmGGMtbPjMzIbOtetvUHbDqVJmQ2t+HZiGHM0Po8uwLvpBFYZupUSToX+VGiX3yi9NhuG3ntCGO12GYXHu6QLJ5bAxzW4I7y6GU132+FJoCAojgIZSaAgKI4CGUuSGyC7RTszHshuiz5qMPq/8hqDAr89TZ2jqSyijle3c41KzG88OvsT9cOM+++wJLFgUPzXNnvynfVYc3k89jmpQt3OXUvvpyYZj2GrKYXiXyxus4O9hU5Pb0Jq2rHGU43P62Vsa8EleOzp1kbs/PHQM7kgmNnpzG8aHhlJoCAojgIZSaAgKc5CpCWjuVX3sKsZ4AJF7dw2+b6HLsBu1raslDP+ozUg5bz10M9/l9q8Sfn/eM+AWahdQtsttzQXa8FyVYWCz3a5Q+CfdDZ+f3RC/yz36f25DZ7Er+2Pj3IZQwYl9nuyG0aGhFBqCwgigoRQagsIIyGvoui4MFLoj9IhO07jUOtOeQxkd7sicQz/wHs8OvsRtret8qbFgQWW73P5dsHN8dSfZw7s8YA2bYmsUnREOB5bRu9xPrVNVD8OOpgPSOjOcA7PHl0JDUBgBNJRCQ1AYATSUcpQhbjFRq2FUVBjCcjj1+NwzYFDYjw/VMy71H7pz6+r7/XcQ91X1Q9cc3w+8q/H04Guc6DK0+L90rjTND/e73MB9/EbbLreJssv9MYm5c2jNZvW8hvH8vBiuwOY2dPAOwzfPigxTQEMpNASFEUBDKTQEhRGQ3/DA1Pw4Jp6V3dBiD0VpPPUF3uVWeOqrhm5yXyrLYRh4j2cHX+KxVDV7csYV6HPeGne5saja5Q5N3yNUzxeHlSbD8C4L8GVlv4c3BeQ+beKQ68G2+0Zrq8kwNDVAQdtfQaiplMZBVQ4TQEMpNASFEUBDKTQEhRFAQyk0BIURQEMpNASFEUBDKTQEhRFAQyk0BIURQEMp/7whKIqMlIb3o7stU7BLZ4jdZPrfNOkMsxLZMNxhmSCDzSdBIt/wiP/e7sOS0zy0cQ2NtfBrj0SCzQZ1IuKgoTPl5KXrQG6C4HYyzBnuivWDLU0CliH0aewoGQ3t3jDGlYPvoGFEbDX7UkpDDL3hWewwk6RoS+3ecH2Sg9uEhrloZm7YjdhmbVgkMHTGwf9iUsgirqF1tvyWbS7vuT2P3E9F+H5u6RuMr/AAB+gE81miv/6NEEIIIYQQQgghhBBCCPlL+QMkQX6XMjcSbAAAAABJRU5ErkJggg==",0
Bill,222222,"data:image/png;base64,iVBORw0KGgoAAAANSUhEUgAAAOEAAADhCAMAAAAJbSJIAAAA9lBMVEX////58/EAAADv4t3/0Vv9lGj/+/l1dXX++Pb/w0TNv7ocGhrr39o6MBX/mWxfNycdEQxSUVD/1l1IOxqNUzr+fUPx6+nMx8Wfgjlta2qwrKpJSEggHx8kJCP2kGWempnku1Hh4eGPdTNjYWCfeSqORiV8dHHkrj2Hg4PFoUaPbSbBwcHY09L9jl7+39NUKRbIdVL/xl63q6bLpkgREBCNjY3/ykYsLCy9uLejo6M6OTja2trs7Ox+YSJTRB3xuEApIg9LLB/bz8vcgVtiV1OuY0KPfnhnVCS8r6rtwlUgGQmsjT15RzK+b04WEwjvuljbq1EpGBFCwWmJAAAH/UlEQVR4nO2deX/aNhiAwdTGbRJasswUSKCMrqWFbV0C5Vzvbb129Pt/mQHyBZZkyXplxd77/McPx+iJZOt6JVUq0oyHU0uQq9FA/v6m2QxF9Qgz0wmWpisnaFkj0ymWZCYraFlr02mWQ17QappOsxTjDIbTqulUy7Agif7tecQPbF6Rq2/z+3QzOGJJ0vz6ZcQ5m4fk6vHxXSIc/s8FbDTpjZgF7+ndiDtMAkMesTftpsm5rq3hfcV75OAMY/VlSj20hBZc834N0HAeFNRN2pULYMNVToaXXnWPO0m91ElPtQQt7m8BGrZdYlh1Ulu7sOWU33aBM1wNfMGqy/+nbhmCGtb395z2j2hnMZx1liwWQQ7uFD3WdR3yyHQ1GJ7UjrjOYjhxXCbVOKyLKk19hqdHhv1Mhoce8rhoiIZo+H80lOtbFMrQry2eP454yOYVrOFq3SKsIXpTfEMppp6iYGAYY6jemWIYnmYw7DrwhgCNVIZh7Ym84Vi1kFINrbEmw9O5rGC7oipIN5wqdqZYhrV33I5jkrqyH8NQtUfMNKxVl1fifs2WchFlGta1GbqO6wniOBCCgeHZM583+4+K3UWOYf74ht8FLYmz8hr6zUE0REM0REM0hDLstsaEVqbOVAEM402nSdkNs3SmimYo35kqnOGVbGeqcIbSmcjrW6TPQLDnKdLJaigbmcQxbHWorKO0uRP6JSKMq0lHuuHbFz4P9h9lu4tMw1NmXFs/SJrLDnEQYJUcmqMb3m/YOxo2sCEn9X5/3s0SVhSjnRib4xraPWBDzjDNjBg6dTXDk0Qm5mvIiQkJDJUK6fa9b9iwz07aOnjPqBmODJfSGjOGIZyTdzsqgu3EiyZvQ8dr0ZjEajK3OqFeI4JHmQPI2ZBVnx+mCbLCz98wd9AQDdEQDdEQDdEwf0PX0Yp5w8GsrZPRWnQUQ5fhu0tLM8mp/3wN27oFra5hQ8lgkwxMB2YNP2g3XBl+Dj9qN1waLqVeq3ulk3knWV/kXFu4yqGGXGgxRtimQcOiG0LPW9w+w8Zb8gour6H9fvdJOpC/SIaN9xcfShmpEBra9k8/SwuiIRoW2tB1RKO8k1TjLT6nSruENjeTr6E37s6zcjUfRcn26tRrVtItb2hDxd7TMMwi5nS5bO8J2pC3eYUIEz/R7LXpc8N5qDqK4c+Fc2bCZUcxtm3v3/+QXwWlbSQqfZMI2ZEou7fbjaENZqg4migQOCU7mti4v/8ouwyKXVt42UeEh/VY6t0F0IgwfO9JZVQ/nnrGfRJ+2ANGQzREQzREQzREwxyjL4G4BYbOIHN0rAhr8xG0inHqqRiPguZEsgNRNxzJLr1TsjSmVyPoj8UwvaJE92NoflVQTXLHcmm6kiu7NNSHCkvvBGiZrw/1VvgSKyyx1YaGaIiGaIiGaIiGKoZpDZHCt2ncxfE25v1lK+oOuF4n8b0MHeFdI3QZnlI7iPVw4lNxqfpukttwnDdjA9NgqbojvftnguHtXG8RbBPgKQsa7+Mzok1mwT9e3XBu2JCxV7K/Y4Tyth9bZqZHMZaUkzZWsQgEVcXRsV/+tQUtIu/gmAo1cL0FGqIhGqIhGqIhGqIhhKHmTSPMr5L11vWuTtqU0xTyNUw94U6ZheE+vu4pYMvqGs7D8u8aoT8PTe8acU+7oennsDYZXuqkSTk8CetDYMNkArSDhmiIhmiIhmhIJHhVZKX4hm51UR9yuCy6oTMRmjnOrdVWjU81ufHJooOvaHNQ9LMC08+Nz9XQ68ytVdj897bXtQdhSrvWSbAjgkdZ1j6dUQ09yoykQUMyB+wf8evse4tBp3yw/8pXpK9aGNHa1cyd+o/4M895fD+enjj5K+j9lK64BY9yNrArusL/0Z0cRzHIGb+BBym0DimX+wUh7oKRygHFkHwznVM3GTwJ//TmPB9DEk8TbI0QT7a/1QUJh2FEnSRHKMKbPLlH4zo0fBYK6o6JmscSSqQCXdL0IHsiuPT1UdSjZTmGH8OXUExQe33YmXWiKmHS70/C6BB3MVsGNYIz6Y+O6ScDuviG16HgTUwwj9jE+FMU/xT/4CYbYoyjc5mG19QcLGCbhmUYbWd0KFgaQ/ozWCLDKLzs5kiwJIasZ7A0huwiWhJDRjVRHkO+YAkMo5cMpYiWwZD7DJbBkFNNlMOQV02UwpDZVCuLoUAOFtsw/RksuKFQDhbZMLWaKLjhu5SWTPENRXOwsIZD2qhaqQwtYcGiG6Y8g8U3TM9BWMOkYE1xITMFWUFIwyltKTI4ckUUylB0xgsWMUEYQ/3BzhSEiiiUYUV/LHBmQSDDde6CgkUUzDD3ciqcg2CGlc1IMIIAgjfiOQhnuJMcEDZk9v7sKZ1Hyny6IyEIaRhCIvTP7lJ5KZM6CHI3vJuzIBqiIRqW2/AlnXMmBwljXyaJPsPPj+k8ZPElVs2df/rCvE6SzxoMs27JMg2j7c5vMt6CyVdQw3HWZLwKMvEczCzgL1DDStYNrv7+51fCv3BqhG+2DWqYtTP1rRekA86N8B7YMGtn6iI4lMk/dwqMFw1ow8pmdpLyozRBO6T3FU7vwUUvOlYOzHBHsMKDBHH/8j2dXogdpWObi3YPCPvgvqCGAXxDO1/QEA3REA3LadjIlYwnPIoYfvuRzkXOWBoM9W//Ic8M1JB91K051qCGlRzH+wVpwgoamJlKYwNsWGndrlycD6AFt92MpYE5VDrTJu+04/8A2vMWqNt+LVgAAAAASUVORK5CYII=",1
Connor,3333333,"data:image/png;base64,iVBORw0KGgoAAAANSUhEUgAAAOEAAADhCAMAAAAJbSJIAAAAclBMVEX///8AAAD+/v7c3Nyurq7n5+dOTk6amprh4eH5+fnKysrq6upTU1OMjIxlZWVGRkaAgICTk5PU1NQICAj19fUuLi44ODi8vLyJiYnAwMA+Pj40NDTY2Nizs7NDQ0NwcHAdHR0mJiZcXFx5eXlsbGyZmZlQi/2qAAAFNUlEQVR4nO2d61bbOhBGZQUbhJOWYEMSoBRKef9XrGSHm+1wzoRP0tT99uqfLlge74zuEpExhBBCCCGEEEIIIYQQQsh/YmcY6UNUj7NJYrtEcYakjGrbdLHeglqzuyrS8LPOU07vEvl5HttQK5IbniYTbIqrOoOhTWjYFDftzHNYFDd1csHe8PYkOhe943VrUvcaneEyehhrVn0er2qvGD3ce05D2KWNj3nu6+J16l4xSQ69n/+3DoK+oNY+ownT2BlWCQLaUFCbJmSxdtbFD/hCQsO+LnadhpmpofMFtW9R4Z2G7UfYUx4pS6mfxuyzeIUewIVyXy+mKLepDAPeahWS2BSP4AGcf9jm4ZOhRipD99Zp+LqINWwPCRaJc+heOg30AK78dMiYytDzVheva+gATo2hees0sAO48rXO5TZ0L51Gg+00esPd2ZC0banp1766LIYWFanYGy7GP0jWH75j32k0obmxqAGcKsOXuthl0aENh3OaLDnc18WQxSU6hyOVPKXUS/ZZLIoSFFuVYcBbbru2vQQ9UJ2h7+wXfQ5BD1Rn6NuAu3kb+jeZeQ5pKEZmGGMtbPjMzIbOtetvUHbDqVJmQ2t+HZiGHM0Po8uwLvpBFYZupUSToX+VGiX3yi9NhuG3ntCGO12GYXHu6QLJ5bAxzW4I7y6GU132+FJoCAojgIZSaAgKI4CGUuSGyC7RTszHshuiz5qMPq/8hqDAr89TZ2jqSyijle3c41KzG88OvsT9cOM+++wJLFgUPzXNnvynfVYc3k89jmpQt3OXUvvpyYZj2GrKYXiXyxus4O9hU5Pb0Jq2rHGU43P62Vsa8EleOzp1kbs/PHQM7kgmNnpzG8aHhlJoCAojgIZSaAgKc5CpCWjuVX3sKsZ4AJF7dw2+b6HLsBu1raslDP+ozUg5bz10M9/l9q8Sfn/eM+AWahdQtsttzQXa8FyVYWCz3a5Q+CfdDZ+f3RC/yz36f25DZ7Er+2Pj3IZQwYl9nuyG0aGhFBqCwgigoRQagsIIyGvoui4MFLoj9IhO07jUOtOeQxkd7sicQz/wHs8OvsRtret8qbFgQWW73P5dsHN8dSfZw7s8YA2bYmsUnREOB5bRu9xPrVNVD8OOpgPSOjOcA7PHl0JDUBgBNJRCQ1AYATSUcpQhbjFRq2FUVBjCcjj1+NwzYFDYjw/VMy71H7pz6+r7/XcQ91X1Q9cc3w+8q/H04Guc6DK0+L90rjTND/e73MB9/EbbLreJssv9MYm5c2jNZvW8hvH8vBiuwOY2dPAOwzfPigxTQEMpNASFEUBDKTQEhRGQ3/DA1Pw4Jp6V3dBiD0VpPPUF3uVWeOqrhm5yXyrLYRh4j2cHX+KxVDV7csYV6HPeGne5saja5Q5N3yNUzxeHlSbD8C4L8GVlv4c3BeQ+beKQ68G2+0Zrq8kwNDVAQdtfQaiplMZBVQ4TQEMpNASFEUBDKTQEhRFAQyk0BIURQEMpNASFEUBDKTQEhRFAQyk0BIURQEMp/7whKIqMlIb3o7stU7BLZ4jdZPrfNOkMsxLZMNxhmSCDzSdBIt/wiP/e7sOS0zy0cQ2NtfBrj0SCzQZ1IuKgoTPl5KXrQG6C4HYyzBnuivWDLU0CliH0aewoGQ3t3jDGlYPvoGFEbDX7UkpDDL3hWewwk6RoS+3ecH2Sg9uEhrloZm7YjdhmbVgkMHTGwf9iUsgirqF1tvyWbS7vuT2P3E9F+H5u6RuMr/AAB+gE81miv/6NEEIIIYQQQgghhBBCCPlL+QMkQX6XMjcSbAAAAABJRU5ErkJggg==",1
Dylan,4444444,"data:image/png;base64,iVBORw0KGgoAAAANSUhEUgAAAOEAAADhCAMAAAAJbSJIAAAA9lBMVEX////58/EAAADv4t3/0Vv9lGj/+/l1dXX++Pb/w0TNv7ocGhrr39o6MBX/mWxfNycdEQxSUVD/1l1IOxqNUzr+fUPx6+nMx8Wfgjlta2qwrKpJSEggHx8kJCP2kGWempnku1Hh4eGPdTNjYWCfeSqORiV8dHHkrj2Hg4PFoUaPbSbBwcHY09L9jl7+39NUKRbIdVL/xl63q6bLpkgREBCNjY3/ykYsLCy9uLejo6M6OTja2trs7Ox+YSJTRB3xuEApIg9LLB/bz8vcgVtiV1OuY0KPfnhnVCS8r6rtwlUgGQmsjT15RzK+b04WEwjvuljbq1EpGBFCwWmJAAAH/UlEQVR4nO2deX/aNhiAwdTGbRJasswUSKCMrqWFbV0C5Vzvbb129Pt/mQHyBZZkyXplxd77/McPx+iJZOt6JVUq0oyHU0uQq9FA/v6m2QxF9Qgz0wmWpisnaFkj0ymWZCYraFlr02mWQ17QappOsxTjDIbTqulUy7Agif7tecQPbF6Rq2/z+3QzOGJJ0vz6ZcQ5m4fk6vHxXSIc/s8FbDTpjZgF7+ndiDtMAkMesTftpsm5rq3hfcV75OAMY/VlSj20hBZc834N0HAeFNRN2pULYMNVToaXXnWPO0m91ElPtQQt7m8BGrZdYlh1Ulu7sOWU33aBM1wNfMGqy/+nbhmCGtb395z2j2hnMZx1liwWQQ7uFD3WdR3yyHQ1GJ7UjrjOYjhxXCbVOKyLKk19hqdHhv1Mhoce8rhoiIZo+H80lOtbFMrQry2eP454yOYVrOFq3SKsIXpTfEMppp6iYGAYY6jemWIYnmYw7DrwhgCNVIZh7Ym84Vi1kFINrbEmw9O5rGC7oipIN5wqdqZYhrV33I5jkrqyH8NQtUfMNKxVl1fifs2WchFlGta1GbqO6wniOBCCgeHZM583+4+K3UWOYf74ht8FLYmz8hr6zUE0REM0REM0hDLstsaEVqbOVAEM402nSdkNs3SmimYo35kqnOGVbGeqcIbSmcjrW6TPQLDnKdLJaigbmcQxbHWorKO0uRP6JSKMq0lHuuHbFz4P9h9lu4tMw1NmXFs/SJrLDnEQYJUcmqMb3m/YOxo2sCEn9X5/3s0SVhSjnRib4xraPWBDzjDNjBg6dTXDk0Qm5mvIiQkJDJUK6fa9b9iwz07aOnjPqBmODJfSGjOGIZyTdzsqgu3EiyZvQ8dr0ZjEajK3OqFeI4JHmQPI2ZBVnx+mCbLCz98wd9AQDdEQDdEQDdEwf0PX0Yp5w8GsrZPRWnQUQ5fhu0tLM8mp/3wN27oFra5hQ8lgkwxMB2YNP2g3XBl+Dj9qN1waLqVeq3ulk3knWV/kXFu4yqGGXGgxRtimQcOiG0LPW9w+w8Zb8gour6H9fvdJOpC/SIaN9xcfShmpEBra9k8/SwuiIRoW2tB1RKO8k1TjLT6nSruENjeTr6E37s6zcjUfRcn26tRrVtItb2hDxd7TMMwi5nS5bO8J2pC3eYUIEz/R7LXpc8N5qDqK4c+Fc2bCZUcxtm3v3/+QXwWlbSQqfZMI2ZEou7fbjaENZqg4migQOCU7mti4v/8ouwyKXVt42UeEh/VY6t0F0IgwfO9JZVQ/nnrGfRJ+2ANGQzREQzREQzREwxyjL4G4BYbOIHN0rAhr8xG0inHqqRiPguZEsgNRNxzJLr1TsjSmVyPoj8UwvaJE92NoflVQTXLHcmm6kiu7NNSHCkvvBGiZrw/1VvgSKyyx1YaGaIiGaIiGaIiGKoZpDZHCt2ncxfE25v1lK+oOuF4n8b0MHeFdI3QZnlI7iPVw4lNxqfpukttwnDdjA9NgqbojvftnguHtXG8RbBPgKQsa7+Mzok1mwT9e3XBu2JCxV7K/Y4Tyth9bZqZHMZaUkzZWsQgEVcXRsV/+tQUtIu/gmAo1cL0FGqIhGqIhGqIhGqIhhKHmTSPMr5L11vWuTtqU0xTyNUw94U6ZheE+vu4pYMvqGs7D8u8aoT8PTe8acU+7oennsDYZXuqkSTk8CetDYMNkArSDhmiIhmiIhmhIJHhVZKX4hm51UR9yuCy6oTMRmjnOrdVWjU81ufHJooOvaHNQ9LMC08+Nz9XQ68ytVdj897bXtQdhSrvWSbAjgkdZ1j6dUQ09yoykQUMyB+wf8evse4tBp3yw/8pXpK9aGNHa1cyd+o/4M895fD+enjj5K+j9lK64BY9yNrArusL/0Z0cRzHIGb+BBym0DimX+wUh7oKRygHFkHwznVM3GTwJ//TmPB9DEk8TbI0QT7a/1QUJh2FEnSRHKMKbPLlH4zo0fBYK6o6JmscSSqQCXdL0IHsiuPT1UdSjZTmGH8OXUExQe33YmXWiKmHS70/C6BB3MVsGNYIz6Y+O6ScDuviG16HgTUwwj9jE+FMU/xT/4CYbYoyjc5mG19QcLGCbhmUYbWd0KFgaQ/ozWCLDKLzs5kiwJIasZ7A0huwiWhJDRjVRHkO+YAkMo5cMpYiWwZD7DJbBkFNNlMOQV02UwpDZVCuLoUAOFtsw/RksuKFQDhbZMLWaKLjhu5SWTPENRXOwsIZD2qhaqQwtYcGiG6Y8g8U3TM9BWMOkYE1xITMFWUFIwyltKTI4ckUUylB0xgsWMUEYQ/3BzhSEiiiUYUV/LHBmQSDDde6CgkUUzDD3ciqcg2CGlc1IMIIAgjfiOQhnuJMcEDZk9v7sKZ1Hyny6IyEIaRhCIvTP7lJ5KZM6CHI3vJuzIBqiIRqW2/AlnXMmBwljXyaJPsPPj+k8ZPElVs2df/rCvE6SzxoMs27JMg2j7c5vMt6CyVdQw3HWZLwKMvEczCzgL1DDStYNrv7+51fCv3BqhG+2DWqYtTP1rRekA86N8B7YMGtn6iI4lMk/dwqMFw1ow8pmdpLyozRBO6T3FU7vwUUvOlYOzHBHsMKDBHH/8j2dXogdpWObi3YPCPvgvqCGAXxDO1/QEA3REA3LadjIlYwnPIoYfvuRzkXOWBoM9W//Ic8M1JB91K051qCGlRzH+wVpwgoamJlKYwNsWGndrlycD6AFt92MpYE5VDrTJu+04/8A2vMWqNt+LVgAAAAASUVORK5CYII=",0
Eric,5555555,"data:image/png;base64,iVBORw0KGgoAAAANSUhEUgAAAOEAAADhCAMAAAAJbSJIAAAAclBMVEX///8AAAD+/v7c3Nyurq7n5+dOTk6amprh4eH5+fnKysrq6upTU1OMjIxlZWVGRkaAgICTk5PU1NQICAj19fUuLi44ODi8vLyJiYnAwMA+Pj40NDTY2Nizs7NDQ0NwcHAdHR0mJiZcXFx5eXlsbGyZmZlQi/2qAAAFNUlEQVR4nO2d61bbOhBGZQUbhJOWYEMSoBRKef9XrGSHm+1wzoRP0tT99uqfLlge74zuEpExhBBCCCGEEEIIIYQQQsh/YmcY6UNUj7NJYrtEcYakjGrbdLHeglqzuyrS8LPOU07vEvl5HttQK5IbniYTbIqrOoOhTWjYFDftzHNYFDd1csHe8PYkOhe943VrUvcaneEyehhrVn0er2qvGD3ce05D2KWNj3nu6+J16l4xSQ69n/+3DoK+oNY+ownT2BlWCQLaUFCbJmSxdtbFD/hCQsO+LnadhpmpofMFtW9R4Z2G7UfYUx4pS6mfxuyzeIUewIVyXy+mKLepDAPeahWS2BSP4AGcf9jm4ZOhRipD99Zp+LqINWwPCRaJc+heOg30AK78dMiYytDzVheva+gATo2hees0sAO48rXO5TZ0L51Gg+00esPd2ZC0banp1766LIYWFanYGy7GP0jWH75j32k0obmxqAGcKsOXuthl0aENh3OaLDnc18WQxSU6hyOVPKXUS/ZZLIoSFFuVYcBbbru2vQQ9UJ2h7+wXfQ5BD1Rn6NuAu3kb+jeZeQ5pKEZmGGMtbPjMzIbOtetvUHbDqVJmQ2t+HZiGHM0Po8uwLvpBFYZupUSToX+VGiX3yi9NhuG3ntCGO12GYXHu6QLJ5bAxzW4I7y6GU132+FJoCAojgIZSaAgKI4CGUuSGyC7RTszHshuiz5qMPq/8hqDAr89TZ2jqSyijle3c41KzG88OvsT9cOM+++wJLFgUPzXNnvynfVYc3k89jmpQt3OXUvvpyYZj2GrKYXiXyxus4O9hU5Pb0Jq2rHGU43P62Vsa8EleOzp1kbs/PHQM7kgmNnpzG8aHhlJoCAojgIZSaAgKc5CpCWjuVX3sKsZ4AJF7dw2+b6HLsBu1raslDP+ozUg5bz10M9/l9q8Sfn/eM+AWahdQtsttzQXa8FyVYWCz3a5Q+CfdDZ+f3RC/yz36f25DZ7Er+2Pj3IZQwYl9nuyG0aGhFBqCwgigoRQagsIIyGvoui4MFLoj9IhO07jUOtOeQxkd7sicQz/wHs8OvsRtret8qbFgQWW73P5dsHN8dSfZw7s8YA2bYmsUnREOB5bRu9xPrVNVD8OOpgPSOjOcA7PHl0JDUBgBNJRCQ1AYATSUcpQhbjFRq2FUVBjCcjj1+NwzYFDYjw/VMy71H7pz6+r7/XcQ91X1Q9cc3w+8q/H04Guc6DK0+L90rjTND/e73MB9/EbbLreJssv9MYm5c2jNZvW8hvH8vBiuwOY2dPAOwzfPigxTQEMpNASFEUBDKTQEhRGQ3/DA1Pw4Jp6V3dBiD0VpPPUF3uVWeOqrhm5yXyrLYRh4j2cHX+KxVDV7csYV6HPeGne5saja5Q5N3yNUzxeHlSbD8C4L8GVlv4c3BeQ+beKQ68G2+0Zrq8kwNDVAQdtfQaiplMZBVQ4TQEMpNASFEUBDKTQEhRFAQyk0BIURQEMpNASFEUBDKTQEhRFAQyk0BIURQEMp/7whKIqMlIb3o7stU7BLZ4jdZPrfNOkMsxLZMNxhmSCDzSdBIt/wiP/e7sOS0zy0cQ2NtfBrj0SCzQZ1IuKgoTPl5KXrQG6C4HYyzBnuivWDLU0CliH0aewoGQ3t3jDGlYPvoGFEbDX7UkpDDL3hWewwk6RoS+3ecH2Sg9uEhrloZm7YjdhmbVgkMHTGwf9iUsgirqF1tvyWbS7vuT2P3E9F+H5u6RuMr/AAB+gE81miv/6NEEIIIYQQQgghhBBCCPlL+QMkQX6XMjcSbAAAAABJRU5ErkJggg==",1
Frank,6666666,"data:image/png;base64,iVBORw0KGgoAAAANSUhEUgAAAOEAAADhCAMAAAAJbSJIAAAA9lBMVEX////58/EAAADv4t3/0Vv9lGj/+/l1dXX++Pb/w0TNv7ocGhrr39o6MBX/mWxfNycdEQxSUVD/1l1IOxqNUzr+fUPx6+nMx8Wfgjlta2qwrKpJSEggHx8kJCP2kGWempnku1Hh4eGPdTNjYWCfeSqORiV8dHHkrj2Hg4PFoUaPbSbBwcHY09L9jl7+39NUKRbIdVL/xl63q6bLpkgREBCNjY3/ykYsLCy9uLejo6M6OTja2trs7Ox+YSJTRB3xuEApIg9LLB/bz8vcgVtiV1OuY0KPfnhnVCS8r6rtwlUgGQmsjT15RzK+b04WEwjvuljbq1EpGBFCwWmJAAAH/UlEQVR4nO2deX/aNhiAwdTGbRJasswUSKCMrqWFbV0C5Vzvbb129Pt/mQHyBZZkyXplxd77/McPx+iJZOt6JVUq0oyHU0uQq9FA/v6m2QxF9Qgz0wmWpisnaFkj0ymWZCYraFlr02mWQ17QappOsxTjDIbTqulUy7Agif7tecQPbF6Rq2/z+3QzOGJJ0vz6ZcQ5m4fk6vHxXSIc/s8FbDTpjZgF7+ndiDtMAkMesTftpsm5rq3hfcV75OAMY/VlSj20hBZc834N0HAeFNRN2pULYMNVToaXXnWPO0m91ElPtQQt7m8BGrZdYlh1Ulu7sOWU33aBM1wNfMGqy/+nbhmCGtb395z2j2hnMZx1liwWQQ7uFD3WdR3yyHQ1GJ7UjrjOYjhxXCbVOKyLKk19hqdHhv1Mhoce8rhoiIZo+H80lOtbFMrQry2eP454yOYVrOFq3SKsIXpTfEMppp6iYGAYY6jemWIYnmYw7DrwhgCNVIZh7Ym84Vi1kFINrbEmw9O5rGC7oipIN5wqdqZYhrV33I5jkrqyH8NQtUfMNKxVl1fifs2WchFlGta1GbqO6wniOBCCgeHZM583+4+K3UWOYf74ht8FLYmz8hr6zUE0REM0REM0hDLstsaEVqbOVAEM402nSdkNs3SmimYo35kqnOGVbGeqcIbSmcjrW6TPQLDnKdLJaigbmcQxbHWorKO0uRP6JSKMq0lHuuHbFz4P9h9lu4tMw1NmXFs/SJrLDnEQYJUcmqMb3m/YOxo2sCEn9X5/3s0SVhSjnRib4xraPWBDzjDNjBg6dTXDk0Qm5mvIiQkJDJUK6fa9b9iwz07aOnjPqBmODJfSGjOGIZyTdzsqgu3EiyZvQ8dr0ZjEajK3OqFeI4JHmQPI2ZBVnx+mCbLCz98wd9AQDdEQDdEQDdEwf0PX0Yp5w8GsrZPRWnQUQ5fhu0tLM8mp/3wN27oFra5hQ8lgkwxMB2YNP2g3XBl+Dj9qN1waLqVeq3ulk3knWV/kXFu4yqGGXGgxRtimQcOiG0LPW9w+w8Zb8gour6H9fvdJOpC/SIaN9xcfShmpEBra9k8/SwuiIRoW2tB1RKO8k1TjLT6nSruENjeTr6E37s6zcjUfRcn26tRrVtItb2hDxd7TMMwi5nS5bO8J2pC3eYUIEz/R7LXpc8N5qDqK4c+Fc2bCZUcxtm3v3/+QXwWlbSQqfZMI2ZEou7fbjaENZqg4migQOCU7mti4v/8ouwyKXVt42UeEh/VY6t0F0IgwfO9JZVQ/nnrGfRJ+2ANGQzREQzREQzREwxyjL4G4BYbOIHN0rAhr8xG0inHqqRiPguZEsgNRNxzJLr1TsjSmVyPoj8UwvaJE92NoflVQTXLHcmm6kiu7NNSHCkvvBGiZrw/1VvgSKyyx1YaGaIiGaIiGaIiGKoZpDZHCt2ncxfE25v1lK+oOuF4n8b0MHeFdI3QZnlI7iPVw4lNxqfpukttwnDdjA9NgqbojvftnguHtXG8RbBPgKQsa7+Mzok1mwT9e3XBu2JCxV7K/Y4Tyth9bZqZHMZaUkzZWsQgEVcXRsV/+tQUtIu/gmAo1cL0FGqIhGqIhGqIhGqIhhKHmTSPMr5L11vWuTtqU0xTyNUw94U6ZheE+vu4pYMvqGs7D8u8aoT8PTe8acU+7oennsDYZXuqkSTk8CetDYMNkArSDhmiIhmiIhmhIJHhVZKX4hm51UR9yuCy6oTMRmjnOrdVWjU81ufHJooOvaHNQ9LMC08+Nz9XQ68ytVdj897bXtQdhSrvWSbAjgkdZ1j6dUQ09yoykQUMyB+wf8evse4tBp3yw/8pXpK9aGNHa1cyd+o/4M895fD+enjj5K+j9lK64BY9yNrArusL/0Z0cRzHIGb+BBym0DimX+wUh7oKRygHFkHwznVM3GTwJ//TmPB9DEk8TbI0QT7a/1QUJh2FEnSRHKMKbPLlH4zo0fBYK6o6JmscSSqQCXdL0IHsiuPT1UdSjZTmGH8OXUExQe33YmXWiKmHS70/C6BB3MVsGNYIz6Y+O6ScDuviG16HgTUwwj9jE+FMU/xT/4CYbYoyjc5mG19QcLGCbhmUYbWd0KFgaQ/ozWCLDKLzs5kiwJIasZ7A0huwiWhJDRjVRHkO+YAkMo5cMpYiWwZD7DJbBkFNNlMOQV02UwpDZVCuLoUAOFtsw/RksuKFQDhbZMLWaKLjhu5SWTPENRXOwsIZD2qhaqQwtYcGiG6Y8g8U3TM9BWMOkYE1xITMFWUFIwyltKTI4ckUUylB0xgsWMUEYQ/3BzhSEiiiUYUV/LHBmQSDDde6CgkUUzDD3ciqcg2CGlc1IMIIAgjfiOQhnuJMcEDZk9v7sKZ1Hyny6IyEIaRhCIvTP7lJ5KZM6CHI3vJuzIBqiIRqW2/AlnXMmBwljXyaJPsPPj+k8ZPElVs2df/rCvE6SzxoMs27JMg2j7c5vMt6CyVdQw3HWZLwKMvEczCzgL1DDStYNrv7+51fCv3BqhG+2DWqYtTP1rRekA86N8B7YMGtn6iI4lMk/dwqMFw1ow8pmdpLyozRBO6T3FU7vwUUvOlYOzHBHsMKDBHH/8j2dXogdpWObi3YPCPvgvqCGAXxDO1/QEA3REA3LadjIlYwnPIoYfvuRzkXOWBoM9W//Ic8M1JB91K051qCGlRzH+wVpwgoamJlKYwNsWGndrlycD6AFt92MpYE5VDrTJu+04/8A2vMWqNt+LVgAAAAASUVORK5CYII=",0
Gil,7777777,"data:image/png;base64,iVBORw0KGgoAAAANSUhEUgAAAOEAAADhCAMAAAAJbSJIAAAAclBMVEX///8AAAD+/v7c3Nyurq7n5+dOTk6amprh4eH5+fnKysrq6upTU1OMjIxlZWVGRkaAgICTk5PU1NQICAj19fUuLi44ODi8vLyJiYnAwMA+Pj40NDTY2Nizs7NDQ0NwcHAdHR0mJiZcXFx5eXlsbGyZmZlQi/2qAAAFNUlEQVR4nO2d61bbOhBGZQUbhJOWYEMSoBRKef9XrGSHm+1wzoRP0tT99uqfLlge74zuEpExhBBCCCGEEEIIIYQQQsh/YmcY6UNUj7NJYrtEcYakjGrbdLHeglqzuyrS8LPOU07vEvl5HttQK5IbniYTbIqrOoOhTWjYFDftzHNYFDd1csHe8PYkOhe943VrUvcaneEyehhrVn0er2qvGD3ce05D2KWNj3nu6+J16l4xSQ69n/+3DoK+oNY+ownT2BlWCQLaUFCbJmSxdtbFD/hCQsO+LnadhpmpofMFtW9R4Z2G7UfYUx4pS6mfxuyzeIUewIVyXy+mKLepDAPeahWS2BSP4AGcf9jm4ZOhRipD99Zp+LqINWwPCRaJc+heOg30AK78dMiYytDzVheva+gATo2hees0sAO48rXO5TZ0L51Gg+00esPd2ZC0banp1766LIYWFanYGy7GP0jWH75j32k0obmxqAGcKsOXuthl0aENh3OaLDnc18WQxSU6hyOVPKXUS/ZZLIoSFFuVYcBbbru2vQQ9UJ2h7+wXfQ5BD1Rn6NuAu3kb+jeZeQ5pKEZmGGMtbPjMzIbOtetvUHbDqVJmQ2t+HZiGHM0Po8uwLvpBFYZupUSToX+VGiX3yi9NhuG3ntCGO12GYXHu6QLJ5bAxzW4I7y6GU132+FJoCAojgIZSaAgKI4CGUuSGyC7RTszHshuiz5qMPq/8hqDAr89TZ2jqSyijle3c41KzG88OvsT9cOM+++wJLFgUPzXNnvynfVYc3k89jmpQt3OXUvvpyYZj2GrKYXiXyxus4O9hU5Pb0Jq2rHGU43P62Vsa8EleOzp1kbs/PHQM7kgmNnpzG8aHhlJoCAojgIZSaAgKc5CpCWjuVX3sKsZ4AJF7dw2+b6HLsBu1raslDP+ozUg5bz10M9/l9q8Sfn/eM+AWahdQtsttzQXa8FyVYWCz3a5Q+CfdDZ+f3RC/yz36f25DZ7Er+2Pj3IZQwYl9nuyG0aGhFBqCwgigoRQagsIIyGvoui4MFLoj9IhO07jUOtOeQxkd7sicQz/wHs8OvsRtret8qbFgQWW73P5dsHN8dSfZw7s8YA2bYmsUnREOB5bRu9xPrVNVD8OOpgPSOjOcA7PHl0JDUBgBNJRCQ1AYATSUcpQhbjFRq2FUVBjCcjj1+NwzYFDYjw/VMy71H7pz6+r7/XcQ91X1Q9cc3w+8q/H04Guc6DK0+L90rjTND/e73MB9/EbbLreJssv9MYm5c2jNZvW8hvH8vBiuwOY2dPAOwzfPigxTQEMpNASFEUBDKTQEhRGQ3/DA1Pw4Jp6V3dBiD0VpPPUF3uVWeOqrhm5yXyrLYRh4j2cHX+KxVDV7csYV6HPeGne5saja5Q5N3yNUzxeHlSbD8C4L8GVlv4c3BeQ+beKQ68G2+0Zrq8kwNDVAQdtfQaiplMZBVQ4TQEMpNASFEUBDKTQEhRFAQyk0BIURQEMpNASFEUBDKTQEhRFAQyk0BIURQEMp/7whKIqMlIb3o7stU7BLZ4jdZPrfNOkMsxLZMNxhmSCDzSdBIt/wiP/e7sOS0zy0cQ2NtfBrj0SCzQZ1IuKgoTPl5KXrQG6C4HYyzBnuivWDLU0CliH0aewoGQ3t3jDGlYPvoGFEbDX7UkpDDL3hWewwk6RoS+3ecH2Sg9uEhrloZm7YjdhmbVgkMHTGwf9iUsgirqF1tvyWbS7vuT2P3E9F+H5u6RuMr/AAB+gE81miv/6NEEIIIYQQQgghhBBCCPlL+QMkQX6XMjcSbAAAAABJRU5ErkJggg==",1
Herbert,888888,"data:image/png;base64,iVBORw0KGgoAAAANSUhEUgAAAOEAAADhCAMAAAAJbSJIAAAA9lBMVEX////58/EAAADv4t3/0Vv9lGj/+/l1dXX++Pb/w0TNv7ocGhrr39o6MBX/mWxfNycdEQxSUVD/1l1IOxqNUzr+fUPx6+nMx8Wfgjlta2qwrKpJSEggHx8kJCP2kGWempnku1Hh4eGPdTNjYWCfeSqORiV8dHHkrj2Hg4PFoUaPbSbBwcHY09L9jl7+39NUKRbIdVL/xl63q6bLpkgREBCNjY3/ykYsLCy9uLejo6M6OTja2trs7Ox+YSJTRB3xuEApIg9LLB/bz8vcgVtiV1OuY0KPfnhnVCS8r6rtwlUgGQmsjT15RzK+b04WEwjvuljbq1EpGBFCwWmJAAAH/UlEQVR4nO2deX/aNhiAwdTGbRJasswUSKCMrqWFbV0C5Vzvbb129Pt/mQHyBZZkyXplxd77/McPx+iJZOt6JVUq0oyHU0uQq9FA/v6m2QxF9Qgz0wmWpisnaFkj0ymWZCYraFlr02mWQ17QappOsxTjDIbTqulUy7Agif7tecQPbF6Rq2/z+3QzOGJJ0vz6ZcQ5m4fk6vHxXSIc/s8FbDTpjZgF7+ndiDtMAkMesTftpsm5rq3hfcV75OAMY/VlSj20hBZc834N0HAeFNRN2pULYMNVToaXXnWPO0m91ElPtQQt7m8BGrZdYlh1Ulu7sOWU33aBM1wNfMGqy/+nbhmCGtb395z2j2hnMZx1liwWQQ7uFD3WdR3yyHQ1GJ7UjrjOYjhxXCbVOKyLKk19hqdHhv1Mhoce8rhoiIZo+H80lOtbFMrQry2eP454yOYVrOFq3SKsIXpTfEMppp6iYGAYY6jemWIYnmYw7DrwhgCNVIZh7Ym84Vi1kFINrbEmw9O5rGC7oipIN5wqdqZYhrV33I5jkrqyH8NQtUfMNKxVl1fifs2WchFlGta1GbqO6wniOBCCgeHZM583+4+K3UWOYf74ht8FLYmz8hr6zUE0REM0REM0hDLstsaEVqbOVAEM402nSdkNs3SmimYo35kqnOGVbGeqcIbSmcjrW6TPQLDnKdLJaigbmcQxbHWorKO0uRP6JSKMq0lHuuHbFz4P9h9lu4tMw1NmXFs/SJrLDnEQYJUcmqMb3m/YOxo2sCEn9X5/3s0SVhSjnRib4xraPWBDzjDNjBg6dTXDk0Qm5mvIiQkJDJUK6fa9b9iwz07aOnjPqBmODJfSGjOGIZyTdzsqgu3EiyZvQ8dr0ZjEajK3OqFeI4JHmQPI2ZBVnx+mCbLCz98wd9AQDdEQDdEQDdEwf0PX0Yp5w8GsrZPRWnQUQ5fhu0tLM8mp/3wN27oFra5hQ8lgkwxMB2YNP2g3XBl+Dj9qN1waLqVeq3ulk3knWV/kXFu4yqGGXGgxRtimQcOiG0LPW9w+w8Zb8gour6H9fvdJOpC/SIaN9xcfShmpEBra9k8/SwuiIRoW2tB1RKO8k1TjLT6nSruENjeTr6E37s6zcjUfRcn26tRrVtItb2hDxd7TMMwi5nS5bO8J2pC3eYUIEz/R7LXpc8N5qDqK4c+Fc2bCZUcxtm3v3/+QXwWlbSQqfZMI2ZEou7fbjaENZqg4migQOCU7mti4v/8ouwyKXVt42UeEh/VY6t0F0IgwfO9JZVQ/nnrGfRJ+2ANGQzREQzREQzREwxyjL4G4BYbOIHN0rAhr8xG0inHqqRiPguZEsgNRNxzJLr1TsjSmVyPoj8UwvaJE92NoflVQTXLHcmm6kiu7NNSHCkvvBGiZrw/1VvgSKyyx1YaGaIiGaIiGaIiGKoZpDZHCt2ncxfE25v1lK+oOuF4n8b0MHeFdI3QZnlI7iPVw4lNxqfpukttwnDdjA9NgqbojvftnguHtXG8RbBPgKQsa7+Mzok1mwT9e3XBu2JCxV7K/Y4Tyth9bZqZHMZaUkzZWsQgEVcXRsV/+tQUtIu/gmAo1cL0FGqIhGqIhGqIhGqIhhKHmTSPMr5L11vWuTtqU0xTyNUw94U6ZheE+vu4pYMvqGs7D8u8aoT8PTe8acU+7oennsDYZXuqkSTk8CetDYMNkArSDhmiIhmiIhmhIJHhVZKX4hm51UR9yuCy6oTMRmjnOrdVWjU81ufHJooOvaHNQ9LMC08+Nz9XQ68ytVdj897bXtQdhSrvWSbAjgkdZ1j6dUQ09yoykQUMyB+wf8evse4tBp3yw/8pXpK9aGNHa1cyd+o/4M895fD+enjj5K+j9lK64BY9yNrArusL/0Z0cRzHIGb+BBym0DimX+wUh7oKRygHFkHwznVM3GTwJ//TmPB9DEk8TbI0QT7a/1QUJh2FEnSRHKMKbPLlH4zo0fBYK6o6JmscSSqQCXdL0IHsiuPT1UdSjZTmGH8OXUExQe33YmXWiKmHS70/C6BB3MVsGNYIz6Y+O6ScDuviG16HgTUwwj9jE+FMU/xT/4CYbYoyjc5mG19QcLGCbhmUYbWd0KFgaQ/ozWCLDKLzs5kiwJIasZ7A0huwiWhJDRjVRHkO+YAkMo5cMpYiWwZD7DJbBkFNNlMOQV02UwpDZVCuLoUAOFtsw/RksuKFQDhbZMLWaKLjhu5SWTPENRXOwsIZD2qhaqQwtYcGiG6Y8g8U3TM9BWMOkYE1xITMFWUFIwyltKTI4ckUUylB0xgsWMUEYQ/3BzhSEiiiUYUV/LHBmQSDDde6CgkUUzDD3ciqcg2CGlc1IMIIAgjfiOQhnuJMcEDZk9v7sKZ1Hyny6IyEIaRhCIvTP7lJ5KZM6CHI3vJuzIBqiIRqW2/AlnXMmBwljXyaJPsPPj+k8ZPElVs2df/rCvE6SzxoMs27JMg2j7c5vMt6CyVdQw3HWZLwKMvEczCzgL1DDStYNrv7+51fCv3BqhG+2DWqYtTP1rRekA86N8B7YMGtn6iI4lMk/dwqMFw1ow8pmdpLyozRBO6T3FU7vwUUvOlYOzHBHsMKDBHH/8j2dXogdpWObi3YPCPvgvqCGAXxDO1/QEA3REA3LadjIlYwnPIoYfvuRzkXOWBoM9W//Ic8M1JB91K051qCGlRzH+wVpwgoamJlKYwNsWGndrlycD6AFt92MpYE5VDrTJu+04/8A2vMWqNt+LVgAAAAASUVORK5CYII=",0
Ian,999999,"data:image/png;base64,iVBORw0KGgoAAAANSUhEUgAAAOEAAADhCAMAAAAJbSJIAAAAclBMVEX///8AAAD+/v7c3Nyurq7n5+dOTk6amprh4eH5+fnKysrq6upTU1OMjIxlZWVGRkaAgICTk5PU1NQICAj19fUuLi44ODi8vLyJiYnAwMA+Pj40NDTY2Nizs7NDQ0NwcHAdHR0mJiZcXFx5eXlsbGyZmZlQi/2qAAAFNUlEQVR4nO2d61bbOhBGZQUbhJOWYEMSoBRKef9XrGSHm+1wzoRP0tT99uqfLlge74zuEpExhBBCCCGEEEIIIYQQQsh/YmcY6UNUj7NJYrtEcYakjGrbdLHeglqzuyrS8LPOU07vEvl5HttQK5IbniYTbIqrOoOhTWjYFDftzHNYFDd1csHe8PYkOhe943VrUvcaneEyehhrVn0er2qvGD3ce05D2KWNj3nu6+J16l4xSQ69n/+3DoK+oNY+ownT2BlWCQLaUFCbJmSxdtbFD/hCQsO+LnadhpmpofMFtW9R4Z2G7UfYUx4pS6mfxuyzeIUewIVyXy+mKLepDAPeahWS2BSP4AGcf9jm4ZOhRipD99Zp+LqINWwPCRaJc+heOg30AK78dMiYytDzVheva+gATo2hees0sAO48rXO5TZ0L51Gg+00esPd2ZC0banp1766LIYWFanYGy7GP0jWH75j32k0obmxqAGcKsOXuthl0aENh3OaLDnc18WQxSU6hyOVPKXUS/ZZLIoSFFuVYcBbbru2vQQ9UJ2h7+wXfQ5BD1Rn6NuAu3kb+jeZeQ5pKEZmGGMtbPjMzIbOtetvUHbDqVJmQ2t+HZiGHM0Po8uwLvpBFYZupUSToX+VGiX3yi9NhuG3ntCGO12GYXHu6QLJ5bAxzW4I7y6GU132+FJoCAojgIZSaAgKI4CGUuSGyC7RTszHshuiz5qMPq/8hqDAr89TZ2jqSyijle3c41KzG88OvsT9cOM+++wJLFgUPzXNnvynfVYc3k89jmpQt3OXUvvpyYZj2GrKYXiXyxus4O9hU5Pb0Jq2rHGU43P62Vsa8EleOzp1kbs/PHQM7kgmNnpzG8aHhlJoCAojgIZSaAgKc5CpCWjuVX3sKsZ4AJF7dw2+b6HLsBu1raslDP+ozUg5bz10M9/l9q8Sfn/eM+AWahdQtsttzQXa8FyVYWCz3a5Q+CfdDZ+f3RC/yz36f25DZ7Er+2Pj3IZQwYl9nuyG0aGhFBqCwgigoRQagsIIyGvoui4MFLoj9IhO07jUOtOeQxkd7sicQz/wHs8OvsRtret8qbFgQWW73P5dsHN8dSfZw7s8YA2bYmsUnREOB5bRu9xPrVNVD8OOpgPSOjOcA7PHl0JDUBgBNJRCQ1AYATSUcpQhbjFRq2FUVBjCcjj1+NwzYFDYjw/VMy71H7pz6+r7/XcQ91X1Q9cc3w+8q/H04Guc6DK0+L90rjTND/e73MB9/EbbLreJssv9MYm5c2jNZvW8hvH8vBiuwOY2dPAOwzfPigxTQEMpNASFEUBDKTQEhRGQ3/DA1Pw4Jp6V3dBiD0VpPPUF3uVWeOqrhm5yXyrLYRh4j2cHX+KxVDV7csYV6HPeGne5saja5Q5N3yNUzxeHlSbD8C4L8GVlv4c3BeQ+beKQ68G2+0Zrq8kwNDVAQdtfQaiplMZBVQ4TQEMpNASFEUBDKTQEhRFAQyk0BIURQEMpNASFEUBDKTQEhRFAQyk0BIURQEMp/7whKIqMlIb3o7stU7BLZ4jdZPrfNOkMsxLZMNxhmSCDzSdBIt/wiP/e7sOS0zy0cQ2NtfBrj0SCzQZ1IuKgoTPl5KXrQG6C4HYyzBnuivWDLU0CliH0aewoGQ3t3jDGlYPvoGFEbDX7UkpDDL3hWewwk6RoS+3ecH2Sg9uEhrloZm7YjdhmbVgkMHTGwf9iUsgirqF1tvyWbS7vuT2P3E9F+H5u6RuMr/AAB+gE81miv/6NEEIIIYQQQgghhBBCCPlL+QMkQX6XMjcSbAAAAABJRU5ErkJggg==",0
Jack,10101010,"data:image/png;base64,iVBORw0KGgoAAAANSUhEUgAAAOEAAADhCAMAAAAJbSJIAAAA9lBMVEX////58/EAAADv4t3/0Vv9lGj/+/l1dXX++Pb/w0TNv7ocGhrr39o6MBX/mWxfNycdEQxSUVD/1l1IOxqNUzr+fUPx6+nMx8Wfgjlta2qwrKpJSEggHx8kJCP2kGWempnku1Hh4eGPdTNjYWCfeSqORiV8dHHkrj2Hg4PFoUaPbSbBwcHY09L9jl7+39NUKRbIdVL/xl63q6bLpkgREBCNjY3/ykYsLCy9uLejo6M6OTja2trs7Ox+YSJTRB3xuEApIg9LLB/bz8vcgVtiV1OuY0KPfnhnVCS8r6rtwlUgGQmsjT15RzK+b04WEwjvuljbq1EpGBFCwWmJAAAH/UlEQVR4nO2deX/aNhiAwdTGbRJasswUSKCMrqWFbV0C5Vzvbb129Pt/mQHyBZZkyXplxd77/McPx+iJZOt6JVUq0oyHU0uQq9FA/v6m2QxF9Qgz0wmWpisnaFkj0ymWZCYraFlr02mWQ17QappOsxTjDIbTqulUy7Agif7tecQPbF6Rq2/z+3QzOGJJ0vz6ZcQ5m4fk6vHxXSIc/s8FbDTpjZgF7+ndiDtMAkMesTftpsm5rq3hfcV75OAMY/VlSj20hBZc834N0HAeFNRN2pULYMNVToaXXnWPO0m91ElPtQQt7m8BGrZdYlh1Ulu7sOWU33aBM1wNfMGqy/+nbhmCGtb395z2j2hnMZx1liwWQQ7uFD3WdR3yyHQ1GJ7UjrjOYjhxXCbVOKyLKk19hqdHhv1Mhoce8rhoiIZo+H80lOtbFMrQry2eP454yOYVrOFq3SKsIXpTfEMppp6iYGAYY6jemWIYnmYw7DrwhgCNVIZh7Ym84Vi1kFINrbEmw9O5rGC7oipIN5wqdqZYhrV33I5jkrqyH8NQtUfMNKxVl1fifs2WchFlGta1GbqO6wniOBCCgeHZM583+4+K3UWOYf74ht8FLYmz8hr6zUE0REM0REM0hDLstsaEVqbOVAEM402nSdkNs3SmimYo35kqnOGVbGeqcIbSmcjrW6TPQLDnKdLJaigbmcQxbHWorKO0uRP6JSKMq0lHuuHbFz4P9h9lu4tMw1NmXFs/SJrLDnEQYJUcmqMb3m/YOxo2sCEn9X5/3s0SVhSjnRib4xraPWBDzjDNjBg6dTXDk0Qm5mvIiQkJDJUK6fa9b9iwz07aOnjPqBmODJfSGjOGIZyTdzsqgu3EiyZvQ8dr0ZjEajK3OqFeI4JHmQPI2ZBVnx+mCbLCz98wd9AQDdEQDdEQDdEwf0PX0Yp5w8GsrZPRWnQUQ5fhu0tLM8mp/3wN27oFra5hQ8lgkwxMB2YNP2g3XBl+Dj9qN1waLqVeq3ulk3knWV/kXFu4yqGGXGgxRtimQcOiG0LPW9w+w8Zb8gour6H9fvdJOpC/SIaN9xcfShmpEBra9k8/SwuiIRoW2tB1RKO8k1TjLT6nSruENjeTr6E37s6zcjUfRcn26tRrVtItb2hDxd7TMMwi5nS5bO8J2pC3eYUIEz/R7LXpc8N5qDqK4c+Fc2bCZUcxtm3v3/+QXwWlbSQqfZMI2ZEou7fbjaENZqg4migQOCU7mti4v/8ouwyKXVt42UeEh/VY6t0F0IgwfO9JZVQ/nnrGfRJ+2ANGQzREQzREQzREwxyjL4G4BYbOIHN0rAhr8xG0inHqqRiPguZEsgNRNxzJLr1TsjSmVyPoj8UwvaJE92NoflVQTXLHcmm6kiu7NNSHCkvvBGiZrw/1VvgSKyyx1YaGaIiGaIiGaIiGKoZpDZHCt2ncxfE25v1lK+oOuF4n8b0MHeFdI3QZnlI7iPVw4lNxqfpukttwnDdjA9NgqbojvftnguHtXG8RbBPgKQsa7+Mzok1mwT9e3XBu2JCxV7K/Y4Tyth9bZqZHMZaUkzZWsQgEVcXRsV/+tQUtIu/gmAo1cL0FGqIhGqIhGqIhGqIhhKHmTSPMr5L11vWuTtqU0xTyNUw94U6ZheE+vu4pYMvqGs7D8u8aoT8PTe8acU+7oennsDYZXuqkSTk8CetDYMNkArSDhmiIhmiIhmhIJHhVZKX4hm51UR9yuCy6oTMRmjnOrdVWjU81ufHJooOvaHNQ9LMC08+Nz9XQ68ytVdj897bXtQdhSrvWSbAjgkdZ1j6dUQ09yoykQUMyB+wf8evse4tBp3yw/8pXpK9aGNHa1cyd+o/4M895fD+enjj5K+j9lK64BY9yNrArusL/0Z0cRzHIGb+BBym0DimX+wUh7oKRygHFkHwznVM3GTwJ//TmPB9DEk8TbI0QT7a/1QUJh2FEnSRHKMKbPLlH4zo0fBYK6o6JmscSSqQCXdL0IHsiuPT1UdSjZTmGH8OXUExQe33YmXWiKmHS70/C6BB3MVsGNYIz6Y+O6ScDuviG16HgTUwwj9jE+FMU/xT/4CYbYoyjc5mG19QcLGCbhmUYbWd0KFgaQ/ozWCLDKLzs5kiwJIasZ7A0huwiWhJDRjVRHkO+YAkMo5cMpYiWwZD7DJbBkFNNlMOQV02UwpDZVCuLoUAOFtsw/RksuKFQDhbZMLWaKLjhu5SWTPENRXOwsIZD2qhaqQwtYcGiG6Y8g8U3TM9BWMOkYE1xITMFWUFIwyltKTI4ckUUylB0xgsWMUEYQ/3BzhSEiiiUYUV/LHBmQSDDde6CgkUUzDD3ciqcg2CGlc1IMIIAgjfiOQhnuJMcEDZk9v7sKZ1Hyny6IyEIaRhCIvTP7lJ5KZM6CHI3vJuzIBqiIRqW2/AlnXMmBwljXyaJPsPPj+k8ZPElVs2df/rCvE6SzxoMs27JMg2j7c5vMt6CyVdQw3HWZLwKMvEczCzgL1DDStYNrv7+51fCv3BqhG+2DWqYtTP1rRekA86N8B7YMGtn6iI4lMk/dwqMFw1ow8pmdpLyozRBO6T3FU7vwUUvOlYOzHBHsMKDBHH/8j2dXogdpWObi3YPCPvgvqCGAXxDO1/QEA3REA3LadjIlYwnPIoYfvuRzkXOWBoM9W//Ic8M1JB91K051qCGlRzH+wVpwgoamJlKYwNsWGndrlycD6AFt92MpYE5VDrTJu+04/8A2vMWqNt+LVgAAAAASUVORK5CYII=",0
Kyle,11111111,"data:image/png;base64,iVBORw0KGgoAAAANSUhEUgAAAOEAAADhCAMAAAAJbSJIAAAAclBMVEX///8AAAD+/v7c3Nyurq7n5+dOTk6amprh4eH5+fnKysrq6upTU1OMjIxlZWVGRkaAgICTk5PU1NQICAj19fUuLi44ODi8vLyJiYnAwMA+Pj40NDTY2Nizs7NDQ0NwcHAdHR0mJiZcXFx5eXlsbGyZmZlQi/2qAAAFNUlEQVR4nO2d61bbOhBGZQUbhJOWYEMSoBRKef9XrGSHm+1wzoRP0tT99uqfLlge74zuEpExhBBCCCGEEEIIIYQQQsh/YmcY6UNUj7NJYrtEcYakjGrbdLHeglqzuyrS8LPOU07vEvl5HttQK5IbniYTbIqrOoOhTWjYFDftzHNYFDd1csHe8PYkOhe943VrUvcaneEyehhrVn0er2qvGD3ce05D2KWNj3nu6+J16l4xSQ69n/+3DoK+oNY+ownT2BlWCQLaUFCbJmSxdtbFD/hCQsO+LnadhpmpofMFtW9R4Z2G7UfYUx4pS6mfxuyzeIUewIVyXy+mKLepDAPeahWS2BSP4AGcf9jm4ZOhRipD99Zp+LqINWwPCRaJc+heOg30AK78dMiYytDzVheva+gATo2hees0sAO48rXO5TZ0L51Gg+00esPd2ZC0banp1766LIYWFanYGy7GP0jWH75j32k0obmxqAGcKsOXuthl0aENh3OaLDnc18WQxSU6hyOVPKXUS/ZZLIoSFFuVYcBbbru2vQQ9UJ2h7+wXfQ5BD1Rn6NuAu3kb+jeZeQ5pKEZmGGMtbPjMzIbOtetvUHbDqVJmQ2t+HZiGHM0Po8uwLvpBFYZupUSToX+VGiX3yi9NhuG3ntCGO12GYXHu6QLJ5bAxzW4I7y6GU132+FJoCAojgIZSaAgKI4CGUuSGyC7RTszHshuiz5qMPq/8hqDAr89TZ2jqSyijle3c41KzG88OvsT9cOM+++wJLFgUPzXNnvynfVYc3k89jmpQt3OXUvvpyYZj2GrKYXiXyxus4O9hU5Pb0Jq2rHGU43P62Vsa8EleOzp1kbs/PHQM7kgmNnpzG8aHhlJoCAojgIZSaAgKc5CpCWjuVX3sKsZ4AJF7dw2+b6HLsBu1raslDP+ozUg5bz10M9/l9q8Sfn/eM+AWahdQtsttzQXa8FyVYWCz3a5Q+CfdDZ+f3RC/yz36f25DZ7Er+2Pj3IZQwYl9nuyG0aGhFBqCwgigoRQagsIIyGvoui4MFLoj9IhO07jUOtOeQxkd7sicQz/wHs8OvsRtret8qbFgQWW73P5dsHN8dSfZw7s8YA2bYmsUnREOB5bRu9xPrVNVD8OOpgPSOjOcA7PHl0JDUBgBNJRCQ1AYATSUcpQhbjFRq2FUVBjCcjj1+NwzYFDYjw/VMy71H7pz6+r7/XcQ91X1Q9cc3w+8q/H04Guc6DK0+L90rjTND/e73MB9/EbbLreJssv9MYm5c2jNZvW8hvH8vBiuwOY2dPAOwzfPigxTQEMpNASFEUBDKTQEhRGQ3/DA1Pw4Jp6V3dBiD0VpPPUF3uVWeOqrhm5yXyrLYRh4j2cHX+KxVDV7csYV6HPeGne5saja5Q5N3yNUzxeHlSbD8C4L8GVlv4c3BeQ+beKQ68G2+0Zrq8kwNDVAQdtfQaiplMZBVQ4TQEMpNASFEUBDKTQEhRFAQyk0BIURQEMpNASFEUBDKTQEhRFAQyk0BIURQEMp/7whKIqMlIb3o7stU7BLZ4jdZPrfNOkMsxLZMNxhmSCDzSdBIt/wiP/e7sOS0zy0cQ2NtfBrj0SCzQZ1IuKgoTPl5KXrQG6C4HYyzBnuivWDLU0CliH0aewoGQ3t3jDGlYPvoGFEbDX7UkpDDL3hWewwk6RoS+3ecH2Sg9uEhrloZm7YjdhmbVgkMHTGwf9iUsgirqF1tvyWbS7vuT2P3E9F+H5u6RuMr/AAB+gE81miv/6NEEIIIYQQQgghhBBCCPlL+QMkQX6XMjcSbAAAAABJRU5ErkJggg==",0
Liam,12121212,"data:image/png;base64,iVBORw0KGgoAAAANSUhEUgAAAOEAAADhCAMAAAAJbSJIAAAA9lBMVEX////58/EAAADv4t3/0Vv9lGj/+/l1dXX++Pb/w0TNv7ocGhrr39o6MBX/mWxfNycdEQxSUVD/1l1IOxqNUzr+fUPx6+nMx8Wfgjlta2qwrKpJSEggHx8kJCP2kGWempnku1Hh4eGPdTNjYWCfeSqORiV8dHHkrj2Hg4PFoUaPbSbBwcHY09L9jl7+39NUKRbIdVL/xl63q6bLpkgREBCNjY3/ykYsLCy9uLejo6M6OTja2trs7Ox+YSJTRB3xuEApIg9LLB/bz8vcgVtiV1OuY0KPfnhnVCS8r6rtwlUgGQmsjT15RzK+b04WEwjvuljbq1EpGBFCwWmJAAAH/UlEQVR4nO2deX/aNhiAwdTGbRJasswUSKCMrqWFbV0C5Vzvbb129Pt/mQHyBZZkyXplxd77/McPx+iJZOt6JVUq0oyHU0uQq9FA/v6m2QxF9Qgz0wmWpisnaFkj0ymWZCYraFlr02mWQ17QappOsxTjDIbTqulUy7Agif7tecQPbF6Rq2/z+3QzOGJJ0vz6ZcQ5m4fk6vHxXSIc/s8FbDTpjZgF7+ndiDtMAkMesTftpsm5rq3hfcV75OAMY/VlSj20hBZc834N0HAeFNRN2pULYMNVToaXXnWPO0m91ElPtQQt7m8BGrZdYlh1Ulu7sOWU33aBM1wNfMGqy/+nbhmCGtb395z2j2hnMZx1liwWQQ7uFD3WdR3yyHQ1GJ7UjrjOYjhxXCbVOKyLKk19hqdHhv1Mhoce8rhoiIZo+H80lOtbFMrQry2eP454yOYVrOFq3SKsIXpTfEMppp6iYGAYY6jemWIYnmYw7DrwhgCNVIZh7Ym84Vi1kFINrbEmw9O5rGC7oipIN5wqdqZYhrV33I5jkrqyH8NQtUfMNKxVl1fifs2WchFlGta1GbqO6wniOBCCgeHZM583+4+K3UWOYf74ht8FLYmz8hr6zUE0REM0REM0hDLstsaEVqbOVAEM402nSdkNs3SmimYo35kqnOGVbGeqcIbSmcjrW6TPQLDnKdLJaigbmcQxbHWorKO0uRP6JSKMq0lHuuHbFz4P9h9lu4tMw1NmXFs/SJrLDnEQYJUcmqMb3m/YOxo2sCEn9X5/3s0SVhSjnRib4xraPWBDzjDNjBg6dTXDk0Qm5mvIiQkJDJUK6fa9b9iwz07aOnjPqBmODJfSGjOGIZyTdzsqgu3EiyZvQ8dr0ZjEajK3OqFeI4JHmQPI2ZBVnx+mCbLCz98wd9AQDdEQDdEQDdEwf0PX0Yp5w8GsrZPRWnQUQ5fhu0tLM8mp/3wN27oFra5hQ8lgkwxMB2YNP2g3XBl+Dj9qN1waLqVeq3ulk3knWV/kXFu4yqGGXGgxRtimQcOiG0LPW9w+w8Zb8gour6H9fvdJOpC/SIaN9xcfShmpEBra9k8/SwuiIRoW2tB1RKO8k1TjLT6nSruENjeTr6E37s6zcjUfRcn26tRrVtItb2hDxd7TMMwi5nS5bO8J2pC3eYUIEz/R7LXpc8N5qDqK4c+Fc2bCZUcxtm3v3/+QXwWlbSQqfZMI2ZEou7fbjaENZqg4migQOCU7mti4v/8ouwyKXVt42UeEh/VY6t0F0IgwfO9JZVQ/nnrGfRJ+2ANGQzREQzREQzREwxyjL4G4BYbOIHN0rAhr8xG0inHqqRiPguZEsgNRNxzJLr1TsjSmVyPoj8UwvaJE92NoflVQTXLHcmm6kiu7NNSHCkvvBGiZrw/1VvgSKyyx1YaGaIiGaIiGaIiGKoZpDZHCt2ncxfE25v1lK+oOuF4n8b0MHeFdI3QZnlI7iPVw4lNxqfpukttwnDdjA9NgqbojvftnguHtXG8RbBPgKQsa7+Mzok1mwT9e3XBu2JCxV7K/Y4Tyth9bZqZHMZaUkzZWsQgEVcXRsV/+tQUtIu/gmAo1cL0FGqIhGqIhGqIhGqIhhKHmTSPMr5L11vWuTtqU0xTyNUw94U6ZheE+vu4pYMvqGs7D8u8aoT8PTe8acU+7oennsDYZXuqkSTk8CetDYMNkArSDhmiIhmiIhmhIJHhVZKX4hm51UR9yuCy6oTMRmjnOrdVWjU81ufHJooOvaHNQ9LMC08+Nz9XQ68ytVdj897bXtQdhSrvWSbAjgkdZ1j6dUQ09yoykQUMyB+wf8evse4tBp3yw/8pXpK9aGNHa1cyd+o/4M895fD+enjj5K+j9lK64BY9yNrArusL/0Z0cRzHIGb+BBym0DimX+wUh7oKRygHFkHwznVM3GTwJ//TmPB9DEk8TbI0QT7a/1QUJh2FEnSRHKMKbPLlH4zo0fBYK6o6JmscSSqQCXdL0IHsiuPT1UdSjZTmGH8OXUExQe33YmXWiKmHS70/C6BB3MVsGNYIz6Y+O6ScDuviG16HgTUwwj9jE+FMU/xT/4CYbYoyjc5mG19QcLGCbhmUYbWd0KFgaQ/ozWCLDKLzs5kiwJIasZ7A0huwiWhJDRjVRHkO+YAkMo5cMpYiWwZD7DJbBkFNNlMOQV02UwpDZVCuLoUAOFtsw/RksuKFQDhbZMLWaKLjhu5SWTPENRXOwsIZD2qhaqQwtYcGiG6Y8g8U3TM9BWMOkYE1xITMFWUFIwyltKTI4ckUUylB0xgsWMUEYQ/3BzhSEiiiUYUV/LHBmQSDDde6CgkUUzDD3ciqcg2CGlc1IMIIAgjfiOQhnuJMcEDZk9v7sKZ1Hyny6IyEIaRhCIvTP7lJ5KZM6CHI3vJuzIBqiIRqW2/AlnXMmBwljXyaJPsPPj+k8ZPElVs2df/rCvE6SzxoMs27JMg2j7c5vMt6CyVdQw3HWZLwKMvEczCzgL1DDStYNrv7+51fCv3BqhG+2DWqYtTP1rRekA86N8B7YMGtn6iI4lMk/dwqMFw1ow8pmdpLyozRBO6T3FU7vwUUvOlYOzHBHsMKDBHH/8j2dXogdpWObi3YPCPvgvqCGAXxDO1/QEA3REA3LadjIlYwnPIoYfvuRzkXOWBoM9W//Ic8M1JB91K051qCGlRzH+wVpwgoamJlKYwNsWGndrlycD6AFt92MpYE5VDrTJu+04/8A2vMWqNt+LVgAAAAASUVORK5CYII=",0
Mark,13131313,"data:image/png;base64,iVBORw0KGgoAAAANSUhEUgAAAOEAAADhCAMAAAAJbSJIAAAAclBMVEX///8AAAD+/v7c3Nyurq7n5+dOTk6amprh4eH5+fnKysrq6upTU1OMjIxlZWVGRkaAgICTk5PU1NQICAj19fUuLi44ODi8vLyJiYnAwMA+Pj40NDTY2Nizs7NDQ0NwcHAdHR0mJiZcXFx5eXlsbGyZmZlQi/2qAAAFNUlEQVR4nO2d61bbOhBGZQUbhJOWYEMSoBRKef9XrGSHm+1wzoRP0tT99uqfLlge74zuEpExhBBCCCGEEEIIIYQQQsh/YmcY6UNUj7NJYrtEcYakjGrbdLHeglqzuyrS8LPOU07vEvl5HttQK5IbniYTbIqrOoOhTWjYFDftzHNYFDd1csHe8PYkOhe943VrUvcaneEyehhrVn0er2qvGD3ce05D2KWNj3nu6+J16l4xSQ69n/+3DoK+oNY+ownT2BlWCQLaUFCbJmSxdtbFD/hCQsO+LnadhpmpofMFtW9R4Z2G7UfYUx4pS6mfxuyzeIUewIVyXy+mKLepDAPeahWS2BSP4AGcf9jm4ZOhRipD99Zp+LqINWwPCRaJc+heOg30AK78dMiYytDzVheva+gATo2hees0sAO48rXO5TZ0L51Gg+00esPd2ZC0banp1766LIYWFanYGy7GP0jWH75j32k0obmxqAGcKsOXuthl0aENh3OaLDnc18WQxSU6hyOVPKXUS/ZZLIoSFFuVYcBbbru2vQQ9UJ2h7+wXfQ5BD1Rn6NuAu3kb+jeZeQ5pKEZmGGMtbPjMzIbOtetvUHbDqVJmQ2t+HZiGHM0Po8uwLvpBFYZupUSToX+VGiX3yi9NhuG3ntCGO12GYXHu6QLJ5bAxzW4I7y6GU132+FJoCAojgIZSaAgKI4CGUuSGyC7RTszHshuiz5qMPq/8hqDAr89TZ2jqSyijle3c41KzG88OvsT9cOM+++wJLFgUPzXNnvynfVYc3k89jmpQt3OXUvvpyYZj2GrKYXiXyxus4O9hU5Pb0Jq2rHGU43P62Vsa8EleOzp1kbs/PHQM7kgmNnpzG8aHhlJoCAojgIZSaAgKc5CpCWjuVX3sKsZ4AJF7dw2+b6HLsBu1raslDP+ozUg5bz10M9/l9q8Sfn/eM+AWahdQtsttzQXa8FyVYWCz3a5Q+CfdDZ+f3RC/yz36f25DZ7Er+2Pj3IZQwYl9nuyG0aGhFBqCwgigoRQagsIIyGvoui4MFLoj9IhO07jUOtOeQxkd7sicQz/wHs8OvsRtret8qbFgQWW73P5dsHN8dSfZw7s8YA2bYmsUnREOB5bRu9xPrVNVD8OOpgPSOjOcA7PHl0JDUBgBNJRCQ1AYATSUcpQhbjFRq2FUVBjCcjj1+NwzYFDYjw/VMy71H7pz6+r7/XcQ91X1Q9cc3w+8q/H04Guc6DK0+L90rjTND/e73MB9/EbbLreJssv9MYm5c2jNZvW8hvH8vBiuwOY2dPAOwzfPigxTQEMpNASFEUBDKTQEhRGQ3/DA1Pw4Jp6V3dBiD0VpPPUF3uVWeOqrhm5yXyrLYRh4j2cHX+KxVDV7csYV6HPeGne5saja5Q5N3yNUzxeHlSbD8C4L8GVlv4c3BeQ+beKQ68G2+0Zrq8kwNDVAQdtfQaiplMZBVQ4TQEMpNASFEUBDKTQEhRFAQyk0BIURQEMpNASFEUBDKTQEhRFAQyk0BIURQEMp/7whKIqMlIb3o7stU7BLZ4jdZPrfNOkMsxLZMNxhmSCDzSdBIt/wiP/e7sOS0zy0cQ2NtfBrj0SCzQZ1IuKgoTPl5KXrQG6C4HYyzBnuivWDLU0CliH0aewoGQ3t3jDGlYPvoGFEbDX7UkpDDL3hWewwk6RoS+3ecH2Sg9uEhrloZm7YjdhmbVgkMHTGwf9iUsgirqF1tvyWbS7vuT2P3E9F+H5u6RuMr/AAB+gE81miv/6NEEIIIYQQQgghhBBCCPlL+QMkQX6XMjcSbAAAAABJRU5ErkJggg==",1
Nathan,14141414,"data:image/png;base64,iVBORw0KGgoAAAANSUhEUgAAAOEAAADhCAMAAAAJbSJIAAAA9lBMVEX////58/EAAADv4t3/0Vv9lGj/+/l1dXX++Pb/w0TNv7ocGhrr39o6MBX/mWxfNycdEQxSUVD/1l1IOxqNUzr+fUPx6+nMx8Wfgjlta2qwrKpJSEggHx8kJCP2kGWempnku1Hh4eGPdTNjYWCfeSqORiV8dHHkrj2Hg4PFoUaPbSbBwcHY09L9jl7+39NUKRbIdVL/xl63q6bLpkgREBCNjY3/ykYsLCy9uLejo6M6OTja2trs7Ox+YSJTRB3xuEApIg9LLB/bz8vcgVtiV1OuY0KPfnhnVCS8r6rtwlUgGQmsjT15RzK+b04WEwjvuljbq1EpGBFCwWmJAAAH/UlEQVR4nO2deX/aNhiAwdTGbRJasswUSKCMrqWFbV0C5Vzvbb129Pt/mQHyBZZkyXplxd77/McPx+iJZOt6JVUq0oyHU0uQq9FA/v6m2QxF9Qgz0wmWpisnaFkj0ymWZCYraFlr02mWQ17QappOsxTjDIbTqulUy7Agif7tecQPbF6Rq2/z+3QzOGJJ0vz6ZcQ5m4fk6vHxXSIc/s8FbDTpjZgF7+ndiDtMAkMesTftpsm5rq3hfcV75OAMY/VlSj20hBZc834N0HAeFNRN2pULYMNVToaXXnWPO0m91ElPtQQt7m8BGrZdYlh1Ulu7sOWU33aBM1wNfMGqy/+nbhmCGtb395z2j2hnMZx1liwWQQ7uFD3WdR3yyHQ1GJ7UjrjOYjhxXCbVOKyLKk19hqdHhv1Mhoce8rhoiIZo+H80lOtbFMrQry2eP454yOYVrOFq3SKsIXpTfEMppp6iYGAYY6jemWIYnmYw7DrwhgCNVIZh7Ym84Vi1kFINrbEmw9O5rGC7oipIN5wqdqZYhrV33I5jkrqyH8NQtUfMNKxVl1fifs2WchFlGta1GbqO6wniOBCCgeHZM583+4+K3UWOYf74ht8FLYmz8hr6zUE0REM0REM0hDLstsaEVqbOVAEM402nSdkNs3SmimYo35kqnOGVbGeqcIbSmcjrW6TPQLDnKdLJaigbmcQxbHWorKO0uRP6JSKMq0lHuuHbFz4P9h9lu4tMw1NmXFs/SJrLDnEQYJUcmqMb3m/YOxo2sCEn9X5/3s0SVhSjnRib4xraPWBDzjDNjBg6dTXDk0Qm5mvIiQkJDJUK6fa9b9iwz07aOnjPqBmODJfSGjOGIZyTdzsqgu3EiyZvQ8dr0ZjEajK3OqFeI4JHmQPI2ZBVnx+mCbLCz98wd9AQDdEQDdEQDdEwf0PX0Yp5w8GsrZPRWnQUQ5fhu0tLM8mp/3wN27oFra5hQ8lgkwxMB2YNP2g3XBl+Dj9qN1waLqVeq3ulk3knWV/kXFu4yqGGXGgxRtimQcOiG0LPW9w+w8Zb8gour6H9fvdJOpC/SIaN9xcfShmpEBra9k8/SwuiIRoW2tB1RKO8k1TjLT6nSruENjeTr6E37s6zcjUfRcn26tRrVtItb2hDxd7TMMwi5nS5bO8J2pC3eYUIEz/R7LXpc8N5qDqK4c+Fc2bCZUcxtm3v3/+QXwWlbSQqfZMI2ZEou7fbjaENZqg4migQOCU7mti4v/8ouwyKXVt42UeEh/VY6t0F0IgwfO9JZVQ/nnrGfRJ+2ANGQzREQzREQzREwxyjL4G4BYbOIHN0rAhr8xG0inHqqRiPguZEsgNRNxzJLr1TsjSmVyPoj8UwvaJE92NoflVQTXLHcmm6kiu7NNSHCkvvBGiZrw/1VvgSKyyx1YaGaIiGaIiGaIiGKoZpDZHCt2ncxfE25v1lK+oOuF4n8b0MHeFdI3QZnlI7iPVw4lNxqfpukttwnDdjA9NgqbojvftnguHtXG8RbBPgKQsa7+Mzok1mwT9e3XBu2JCxV7K/Y4Tyth9bZqZHMZaUkzZWsQgEVcXRsV/+tQUtIu/gmAo1cL0FGqIhGqIhGqIhGqIhhKHmTSPMr5L11vWuTtqU0xTyNUw94U6ZheE+vu4pYMvqGs7D8u8aoT8PTe8acU+7oennsDYZXuqkSTk8CetDYMNkArSDhmiIhmiIhmhIJHhVZKX4hm51UR9yuCy6oTMRmjnOrdVWjU81ufHJooOvaHNQ9LMC08+Nz9XQ68ytVdj897bXtQdhSrvWSbAjgkdZ1j6dUQ09yoykQUMyB+wf8evse4tBp3yw/8pXpK9aGNHa1cyd+o/4M895fD+enjj5K+j9lK64BY9yNrArusL/0Z0cRzHIGb+BBym0DimX+wUh7oKRygHFkHwznVM3GTwJ//TmPB9DEk8TbI0QT7a/1QUJh2FEnSRHKMKbPLlH4zo0fBYK6o6JmscSSqQCXdL0IHsiuPT1UdSjZTmGH8OXUExQe33YmXWiKmHS70/C6BB3MVsGNYIz6Y+O6ScDuviG16HgTUwwj9jE+FMU/xT/4CYbYoyjc5mG19QcLGCbhmUYbWd0KFgaQ/ozWCLDKLzs5kiwJIasZ7A0huwiWhJDRjVRHkO+YAkMo5cMpYiWwZD7DJbBkFNNlMOQV02UwpDZVCuLoUAOFtsw/RksuKFQDhbZMLWaKLjhu5SWTPENRXOwsIZD2qhaqQwtYcGiG6Y8g8U3TM9BWMOkYE1xITMFWUFIwyltKTI4ckUUylB0xgsWMUEYQ/3BzhSEiiiUYUV/LHBmQSDDde6CgkUUzDD3ciqcg2CGlc1IMIIAgjfiOQhnuJMcEDZk9v7sKZ1Hyny6IyEIaRhCIvTP7lJ5KZM6CHI3vJuzIBqiIRqW2/AlnXMmBwljXyaJPsPPj+k8ZPElVs2df/rCvE6SzxoMs27JMg2j7c5vMt6CyVdQw3HWZLwKMvEczCzgL1DDStYNrv7+51fCv3BqhG+2DWqYtTP1rRekA86N8B7YMGtn6iI4lMk/dwqMFw1ow8pmdpLyozRBO6T3FU7vwUUvOlYOzHBHsMKDBHH/8j2dXogdpWObi3YPCPvgvqCGAXxDO1/QEA3REA3LadjIlYwnPIoYfvuRzkXOWBoM9W//Ic8M1JB91K051qCGlRzH+wVpwgoamJlKYwNsWGndrlycD6AFt92MpYE5VDrTJu+04/8A2vMWqNt+LVgAAAAASUVORK5CYII=",1
